{
  "bootstrap": {
    "f1_minority_mean": {
      "mean": 0.9107448493685077,
      "std": 0.08933658642897002,
      "ci_lower": 0.8593322327318922,
      "ci_upper": 0.9515947439298177,
      "confidence_level": 0.95
    },
    "security_score": {
      "mean": 0.9358376733376473,
      "std": 0.03746896755730621,
      "ci_lower": 0.9103197165856254,
      "ci_upper": 0.9523160072447966,
      "confidence_level": 0.95
    },
    "accuracy": {
      "mean": 0.9940315315315315,
      "std": 0.009613631956009235,
      "ci_lower": 0.9883157376126128,
      "ci_upper": 0.9979870495495494,
      "confidence_level": 0.95
    }
  },
  "pairwise": {
    "svm": {
      "original_vs_undersampled": {
        "strategy1": "original",
        "strategy2": "undersampled",
        "compared_metrics": [
          {
            "metric": "f1_minority_mean",
            "original_value": 0.9497476309647668,
            "undersampled_value": 0.9497476309647668,
            "difference": 0.0,
            "p_value": 1.0,
            "significant": false,
            "effect_size": 0.0,
            "note": "identical_values"
          },
          {
            "metric": "security_score",
            "original_value": 0.9464821419526988,
            "undersampled_value": 0.9464821419526988,
            "difference": 0.0,
            "p_value": 1.0,
            "significant": false,
            "effect_size": 0.0,
            "note": "identical_values"
          },
          {
            "metric": "accuracy",
            "original_value": 0.9979729729729729,
            "undersampled_value": 0.9979729729729729,
            "difference": 0.0,
            "p_value": 1.0,
            "significant": false,
            "effect_size": 0.0,
            "note": "identical_values"
          }
        ]
      },
      "original_vs_oversampled": {
        "strategy1": "original",
        "strategy2": "oversampled",
        "compared_metrics": [
          {
            "metric": "f1_minority_mean",
            "original_value": 0.9497476309647668,
            "oversampled_value": 0.9469279588336192,
            "difference": 0.0028196721311475326,
            "p_value": null,
            "significant": false,
            "effect_size": 2.0
          },
          {
            "metric": "security_score",
            "original_value": 0.9464821419526988,
            "oversampled_value": 0.9484681532304176,
            "difference": -0.001986011277718802,
            "p_value": null,
            "significant": false,
            "effect_size": 1.9860112777188021
          },
          {
            "metric": "accuracy",
            "original_value": 0.9979729729729729,
            "oversampled_value": 0.997804054054054,
            "difference": 0.00016891891891890332,
            "p_value": null,
            "significant": false,
            "effect_size": 0.16891891891890332
          }
        ]
      },
      "undersampled_vs_oversampled": {
        "strategy1": "undersampled",
        "strategy2": "oversampled",
        "compared_metrics": [
          {
            "metric": "f1_minority_mean",
            "undersampled_value": 0.9497476309647668,
            "oversampled_value": 0.9469279588336192,
            "difference": 0.0028196721311475326,
            "p_value": null,
            "significant": false,
            "effect_size": 2.0
          },
          {
            "metric": "security_score",
            "undersampled_value": 0.9464821419526988,
            "oversampled_value": 0.9484681532304176,
            "difference": -0.001986011277718802,
            "p_value": null,
            "significant": false,
            "effect_size": 1.9860112777188021
          },
          {
            "metric": "accuracy",
            "undersampled_value": 0.9979729729729729,
            "oversampled_value": 0.997804054054054,
            "difference": 0.00016891891891890332,
            "p_value": null,
            "significant": false,
            "effect_size": 0.16891891891890332
          }
        ]
      }
    },
    "knn": {
      "original_vs_undersampled": {
        "strategy1": "original",
        "strategy2": "undersampled",
        "compared_metrics": [
          {
            "metric": "f1_minority_mean",
            "original_value": 0.9632490881785025,
            "undersampled_value": 0.9632490881785025,
            "difference": 0.0,
            "p_value": 1.0,
            "significant": false,
            "effect_size": 0.0,
            "note": "identical_values"
          },
          {
            "metric": "security_score",
            "original_value": 0.9609736339291022,
            "undersampled_value": 0.9609736339291022,
            "difference": 0.0,
            "p_value": 1.0,
            "significant": false,
            "effect_size": 0.0,
            "note": "identical_values"
          },
          {
            "metric": "accuracy",
            "original_value": 0.9984797297297298,
            "undersampled_value": 0.9984797297297298,
            "difference": 0.0,
            "p_value": 1.0,
            "significant": false,
            "effect_size": 0.0,
            "note": "identical_values"
          }
        ]
      },
      "original_vs_oversampled": {
        "strategy1": "original",
        "strategy2": "oversampled",
        "compared_metrics": [
          {
            "metric": "f1_minority_mean",
            "original_value": 0.9632490881785025,
            "oversampled_value": 0.7837387732516068,
            "difference": 0.17951031492689573,
            "p_value": null,
            "significant": false,
            "effect_size": 2.0
          },
          {
            "metric": "security_score",
            "original_value": 0.9609736339291022,
            "oversampled_value": 0.8887816756482616,
            "difference": 0.07219195828084057,
            "p_value": null,
            "significant": false,
            "effect_size": 2.0
          },
          {
            "metric": "accuracy",
            "original_value": 0.9984797297297298,
            "oversampled_value": 0.9856418918918919,
            "difference": 0.012837837837837873,
            "p_value": null,
            "significant": false,
            "effect_size": 2.0
          }
        ]
      },
      "undersampled_vs_oversampled": {
        "strategy1": "undersampled",
        "strategy2": "oversampled",
        "compared_metrics": [
          {
            "metric": "f1_minority_mean",
            "undersampled_value": 0.9632490881785025,
            "oversampled_value": 0.7837387732516068,
            "difference": 0.17951031492689573,
            "p_value": null,
            "significant": false,
            "effect_size": 2.0
          },
          {
            "metric": "security_score",
            "undersampled_value": 0.9609736339291022,
            "oversampled_value": 0.8887816756482616,
            "difference": 0.07219195828084057,
            "p_value": null,
            "significant": false,
            "effect_size": 2.0
          },
          {
            "metric": "accuracy",
            "undersampled_value": 0.9984797297297298,
            "oversampled_value": 0.9856418918918919,
            "difference": 0.012837837837837873,
            "p_value": null,
            "significant": false,
            "effect_size": 2.0
          }
        ]
      }
    },
    "logistic_regression": {
      "original_vs_undersampled": {
        "strategy1": "original",
        "strategy2": "undersampled",
        "compared_metrics": [
          {
            "metric": "f1_minority_mean",
            "original_value": 0.9497476309647668,
            "undersampled_value": 0.9424763459303934,
            "difference": 0.007271285034373354,
            "p_value": null,
            "significant": false,
            "effect_size": 2.0
          },
          {
            "metric": "security_score",
            "original_value": 0.9464821419526988,