{
  "bootstrap": {
    "f1_minority_mean": {
      "mean": 0.9082153072225752,
      "std": 0.0899182158883538,
      "ci_lower": 0.8476614255724572,
      "ci_upper": 0.9479521446970728,
      "confidence_level": 0.95
    },
    "security_score": {
      "mean": 0.9334918047793392,
      "std": 0.037171888551012625,
      "ci_lower": 0.9117207802652658,
      "ci_upper": 0.9497810520217354,
      "confidence_level": 0.95
    },
    "accuracy": {
      "mean": 0.993820382882883,
      "std": 0.009956777656986656,
      "ci_lower": 0.9878783079954955,
      "ci_upper": 0.9978603603603603,
      "confidence_level": 0.95
    }
  },
  "pairwise": {
    "svm": {
      "original_vs_undersampled": {
        "strategy1": "original",
        "strategy2": "undersampled",
        "compared_metrics": [
          {
            "metric": "f1_minority_mean",
            "original_value": 0.9497476309647668,
            "undersampled_value": 0.9497476309647668,
            "difference": 0.0,
            "p_value": 1.0,
            "significant": false,
            "effect_size": 0.0,
            "note": "identical_values"
          },
          {
            "metric": "security_score",
            "original_value": 0.9464821419526988,
            "undersampled_value": 0.9464821419526988,
            "difference": 0.0,
            "p_value": 1.0,
            "significant": false,
            "effect_size": 0.0,
            "note": "identical_values"
          },
          {
            "metric": "accuracy",
            "original_value": 0.9979729729729729,
            "undersampled_value": 0.9979729729729729,
            "difference": 0.0,
            "p_value": 1.0,
            "significant": false,
            "effect_size": 0.0,
            "note": "identical_values"
          }
        ]
      },
      "original_vs_oversampled": {
        "strategy1": "original",
        "strategy2": "oversampled",
        "compared_metrics": [
          {
            "metric": "f1_minority_mean",
            "original_value": 0.9497476309647668,
            "oversampled_value": 0.9433724032780637,
            "difference": 0.006375227686703067,
            "p_value": null,
            "significant": false,
            "effect_size": 2.0
          },
          {
            "metric": "security_score",
            "original_value": 0.9464821419526988,
            "oversampled_value": 0.9470459310081953,
            "difference": -0.0005637890554965885,
            "p_value": null,
            "significant": false,
            "effect_size": 0.5637890554965885
          },
          {
            "metric": "accuracy",
            "original_value": 0.9979729729729729,
            "oversampled_value": 0.9976351351351351,
            "difference": 0.00033783783783780663,
            "p_value": null,
            "significant": false,
            "effect_size": 0.33783783783780663
          }
        ]
      },
      "undersampled_vs_oversampled": {
        "strategy1": "undersampled",
        "strategy2": "oversampled",
        "compared_metrics": [
          {
            "metric": "f1_minority_mean",
            "undersampled_value": 0.9497476309647668,
            "oversampled_value": 0.9433724032780637,
            "difference": 0.006375227686703067,
            "p_value": null,
            "significant": false,
            "effect_size": 2.0
          },
          {
            "metric": "security_score",
            "undersampled_value": 0.9464821419526988,
            "oversampled_value": 0.9470459310081953,
            "difference": -0.0005637890554965885,
            "p_value": null,
            "significant": false,
            "effect_size": 0.5637890554965885
          },
          {
            "metric": "accuracy",
            "undersampled_value": 0.9979729729729729,
            "oversampled_value": 0.9976351351351351,
            "difference": 0.00033783783783780663,
            "p_value": null,
            "significant": false,
            "effect_size": 0.33783783783780663
          }
        ]
      }
    },
    "knn": {
      "original_vs_undersampled": {
        "strategy1": "original",
        "strategy2": "undersampled",
        "compared_metrics": [
          {
            "metric": "f1_minority_mean",
            "original_value": 0.9498546281680337,
            "undersampled_value": 0.9543195088824146,
            "difference": -0.004464880714380892,
            "p_value": null,
            "significant": false,
            "effect_size": 2.0
          },
          {
            "metric": "security_score",
            "original_value": 0.9464413637341309,
            "undersampled_value": 0.951341196150061,
            "difference": -0.004899832415930061,
            "p_value": null,
            "significant": false,
            "effect_size": 2.0
          },
          {
            "metric": "accuracy",
            "original_value": 0.9979729729729729,
            "undersampled_value": 0.9981418918918918,
            "difference": -0.00016891891891890332,
            "p_value": null,
            "significant": false,
            "effect_size": 0.16891891891890332
          }
        ]
      },
      "original_vs_oversampled": {
        "strategy1": "original",
        "strategy2": "oversampled",
        "compared_metrics": [
          {
            "metric": "f1_minority_mean",
            "original_value": 0.9498546281680337,
            "oversampled_value": 0.7807998684489307,
            "difference": 0.169054759719103,
            "p_value": null,
            "significant": false,
            "effect_size": 2.0
          },
          {
            "metric": "security_score",
            "original_value": 0.9464413637341309,
            "oversampled_value": 0.8875201661552101,
            "difference": 0.05892119757892078,
            "p_value": null,
            "significant": false,
            "effect_size": 2.0
          },
          {
            "metric": "accuracy",
            "original_value": 0.9979729729729729,
            "oversampled_value": 0.9853040540540541,
            "difference": 0.012668918918918859,
            "p_value": null,
            "significant": false,
            "effect_size": 2.0
          }
        ]
      },
      "undersampled_vs_oversampled": {
        "strategy1": "undersampled",
        "strategy2": "oversampled",
        "compared_metrics": [
          {
            "metric": "f1_minority_mean",
            "undersampled_value": 0.9543195088824146,
            "oversampled_value": 0.7807998684489307,
            "difference": 0.1735196404334839,
            "p_value": null,
            "significant": false,
            "effect_size": 2.0
          },
          {
            "metric": "security_score",
            "undersampled_value": 0.951341196150061,
            "oversampled_value": 0.8875201661552101,
            "difference": 0.06382102999485084,
            "p_value": null,
            "significant": false,
            "effect_size": 2.0
          },
          {
            "metric": "accuracy",
            "undersampled_value": 0.9981418918918918,
            "oversampled_value": 0.9853040540540541,
            "difference": 0.012837837837837762,
            "p_value": null,
            "significant": false,
            "effect_size": 2.0
          }
        ]
      }
    },
    "logistic_regression": {
      "original_vs_undersampled": {
        "strategy1": "original",
        "strategy2": "undersampled",
        "compared_metrics": [
          {
            "metric": "f1_minority_mean",
            "original_value": 0.9497476309647668,
            "undersampled_value": 0.9497476309647668,
            "difference": 0.0,
            "p_value": 1.0,
            "significant": false,
            "effect_size": 0.0,
            "note": "identical_values"
          },
          {
            "metric": "security_score",
            "original_value": 0.9464821419526988,