{
  "baseline": {
    "svm": {
      "accuracy": 0.9975269784172662,
      "f1_macro": 0.9469124392211633,
      "mean_security_recall": 0.9081632653061225,
      "security_f1": 0.9481544898310567,
      "threat_detection_rate": 0.9988854834215659
    },
    "knn": {
      "accuracy": 0.9975269784172662,
      "f1_macro": 0.9615611784580307,
      "mean_security_recall": 0.8979591836734694,
      "security_f1": 0.9423643279924153,
      "threat_detection_rate": 0.9986068542769574
    },
    "logistic_regression": {
      "accuracy": 0.997976618705036,
      "f1_macro": 0.9681046144099221,
      "mean_security_recall": 0.9234693877551021,
      "security_f1": 0.9537557781201802,
      "threat_detection_rate": 0.9997213708553915
    },
    "random_forest": {
      "accuracy": 0.9966276978417267,
      "f1_macro": 0.9549888321132911,
      "mean_security_recall": 0.9462583085368206,
      "security_f1": 0.9257515013523183,
      "threat_detection_rate": 0.9997213708553915
    }
  },
  "oversampling": {
    "svm": {
      "accuracy": 0.9980890287769785,
      "f1_macro": 0.9681639042302264,
      "mean_security_recall": 0.9234693877551021,
      "security_f1": 0.9538222125944291,
      "threat_detection_rate": 0.9997213708553915
    },
    "knn": {
      "accuracy": 0.9980890287769785,
      "f1_macro": 0.9694032146285319,
      "mean_security_recall": 0.9488363663998971,
      "security_f1": 0.9552393374668416,
      "threat_detection_rate": 1.0
    },
    "logistic_regression": {
      "accuracy": 0.9980890287769785,
      "f1_macro": 0.9696131504809893,
      "mean_security_recall": 0.9285714285714286,
      "security_f1": 0.9565339662012134,
      "threat_detection_rate": 1.0
    },
    "random_forest": {
      "accuracy": 0.9917940647482014,
      "f1_macro": 0.9246690569720413,
      "mean_security_recall": 0.9450584301322935,
      "security_f1": 0.8603278054746807,
      "threat_detection_rate": 1.0
    }
  },
  "undersampling": {
    "svm": {
      "accuracy": 0.9978642086330936,
      "f1_macro": 0.950319119203652,
      "mean_security_recall": 0.9234693877551021,
      "security_f1": 0.9538222125944291,
      "threat_detection_rate": 0.9997213708553915
    },
    "knn": {
      "accuracy": 0.9976393884892086,
      "f1_macro": 0.9619518393173185,
      "mean_security_recall": 0.903061224489796,
      "security_f1": 0.942488233177884,
      "threat_detection_rate": 0.9988854834215659
    },
    "logistic_regression": {
      "accuracy": 0.9980890287769785,
      "f1_macro": 0.9696131504809893,
      "mean_security_recall": 0.9285714285714286,
      "security_f1": 0.9565339662012134,
      "threat_detection_rate": 1.0
    },
    "random_forest": {
      "accuracy": 0.9966276978417267,
      "f1_macro": 0.9549888321132911,
      "mean_security_recall": 0.9462583085368206,
      "security_f1": 0.9257515013523183,
      "threat_detection_rate": 0.9997213708553915
    }
  }
}