{
  "selected_model": {
    "model": "knn",
    "dataset": "original",
    "metrics": {
      "accuracy": 0.9984797297297298,
      "f1_macro": 0.9754048830933897,
      "f1_minority_mean": 0.9632490881785025,
      "recall_minority_mean": 0.9393939393939394,
      "security_score": 0.9609736339291022,
      "threat_detection_rate": 0.9995821145006268
    },
    "minority_class_performance": {
      "class_1": {
        "f1": 0.928,
        "recall": 0.8787878787878788,
        "precision": 0.9830508474576272
      },
      "class_2": {
        "f1": 0.9984981763570049,
        "recall": 1.0,
        "precision": 0.9970008568980291
      }
    }
  },
  "runner_ups": [
    {
      "model": "knn",
      "dataset": "undersampled",
      "metrics": {
        "accuracy": 0.9984797297297298,
        "f1_macro": 0.9754048830933897,
        "f1_minority_mean": 0.9632490881785025,
        "recall_minority_mean": 0.9393939393939394,
        "security_score": 0.9609736339291022,
        "threat_detection_rate": 0.9995821145006268
      },
      "minority_class_performance": {
        "class_1": {
          "f1": 0.928,
          "recall": 0.8787878787878788,
          "precision": 0.9830508474576272
        },
        "class_2": {
          "f1": 0.9984981763570049,
          "recall": 1.0,
          "precision": 0.9970008568980291
        }
      }
    },
    {
      "model": "random_forest",
      "dataset": "original",
      "metrics": {
        "accuracy": 0.9971283783783784,
        "f1_macro": 0.9574432549686341,
        "f1_minority_mean": 0.9362357742720352,
        "recall_minority_mean": 0.9523967652459273,
        "security_score": 0.955453015807185,
        "threat_detection_rate": 1.0
      },
      "minority_class_performance": {
        "class_1": {
          "f1": 0.8759124087591241,
          "recall": 0.9090909090909091,
          "precision": 0.8450704225352113
        },
        "class_2": {
          "f1": 0.9965591397849463,
          "recall": 0.9957026214009455,
          "precision": 0.9974171330176496
        }
      }
    }
  ],
  "selection_criteria_used": {
    "f1_minority_mean": 0.6,
    "min_recall_minority": 0.7,
    "max_inference_time_ms": 50,
    "max_model_size_mb": 100
  },
  "ranking_metrics": [
    "security_score",
    "f1_minority_mean",
    "recall_minority_mean"
  ],
  "trade_off_analysis": {
    "accuracy_tradeoff": 0.0,
    "f1_macro_tradeoff": 0.0,
    "security_improvement": 0.025135960591454842,
    "explanation": "دقت کلی تقریباً بهینه است. F1 کلی تقریباً بهینه است. تعادل خوبی بین امنیت و دقت کلی برقرار است"
  }
}