{
  "selected_model": {
    "model": "random_forest",
    "dataset": "original",
    "metrics": {
      "accuracy": 0.9971283783783784,
      "f1_macro": 0.9574432549686341,
      "f1_minority_mean": 0.9362357742720352,
      "recall_minority_mean": 0.9523967652459273,
      "security_score": 0.955453015807185,
      "threat_detection_rate": 1.0
    },
    "minority_class_performance": {
      "class_1": {
        "f1": 0.8759124087591241,
        "recall": 0.9090909090909091,
        "precision": 0.8450704225352113
      },
      "class_2": {
        "f1": 0.9965591397849463,
        "recall": 0.9957026214009455,
        "precision": 0.9974171330176496
      }
    }
  },
  "runner_ups": [
    {
      "model": "random_forest",
      "dataset": "undersampled",
      "metrics": {
        "accuracy": 0.9971283783783784,
        "f1_macro": 0.9574432549686341,
        "f1_minority_mean": 0.9362357742720352,
        "recall_minority_mean": 0.9523967652459273,
        "security_score": 0.955453015807185,
        "threat_detection_rate": 1.0
      },
      "minority_class_performance": {
        "class_1": {
          "f1": 0.8759124087591241,
          "recall": 0.9090909090909091,
          "precision": 0.8450704225352113
        },
        "class_2": {
          "f1": 0.9965591397849463,
          "recall": 0.9957026214009455,
          "precision": 0.9974171330176496
        }
      }
    },
    {
      "model": "knn",
      "dataset": "undersampled",
      "metrics": {
        "accuracy": 0.9981418918918918,
        "f1_macro": 0.969451830229331,
        "f1_minority_mean": 0.9543195088824146,
        "recall_minority_mean": 0.9242424242424243,
        "security_score": 0.951341196150061,
        "threat_detection_rate": 0.9995821145006268
      },
      "minority_class_performance": {
        "class_1": {
          "f1": 0.9105691056910569,
          "recall": 0.8484848484848485,
          "precision": 0.9824561403508771
        },
        "class_2": {
          "f1": 0.9980699120737723,
          "recall": 1.0,
          "precision": 0.9961472602739726
        }
      }
    }
  ],
  "selection_criteria_used": {
    "f1_minority_mean": 0.6,
    "min_recall_minority": 0.7,
    "max_inference_time_ms": 50,
    "max_model_size_mb": 100
  },
  "ranking_metrics": [
    "security_score",
    "f1_minority_mean",
    "recall_minority_mean"
  ],
  "trade_off_analysis": {
    "accuracy_tradeoff": 0.00101351351351342,
    "f1_macro_tradeoff": 0.012008575260696874,
    "security_improvement": 0.02196121102784576,
    "explanation": "دقت کلی تقریباً بهینه است. F1 کلی تقریباً بهینه است. تعادل خوبی بین امنیت و دقت کلی برقرار است"
  }
}